No,classification,Question,Option A,Option B,Option C,Option D,Correct option,Multiple Choice or Not
1,basic,Which variable type in Solidity is used to store Ether amounts?,uint,int,wei,ether,A,Single Choice
2,basic,"What is the characteristic of the external"" function visibility modifier in Solidity?""",Can only be called from within the contract,Can only be called from outside the contract,Can be called from both inside and outside the contract,Can only be called by inherited contracts,B,Single Choice
3,basic,What is the latest stable version of Solidity?,0.7.0,0.8.0,0.8.20,0.8.24,D,Single Choice
4,basic,Which of the following keywords in Solidity is used for handling exceptions?,try/catch,if/else,require,return,C,Single Choice
5,basic,Which feature is not supported by the Vyper language?,Loops,Inheritance,Conditional statements,Functions,B,Single Choice
6,basic,"In Solidity, what does msg.sender"" represent?""",The contract creator,The current caller's address,The contract address,The transaction initiator,B,Single Choice
7,basic,In Vyper, which keyword is used to define constants?,constant,constant,immutable,final,B,Single Choice
8,basic,What is the latest stable version of Vyper?,0.3.0,0.3.7,0.4.0,1.0.0,B,Single Choice
9,basic,"What is the characteristic of a ""constructor"" in smart contracts?",Can be called multiple times,Only executed once when the contract is deployed,Must be public,Cannot accept parameters,B,Single Choice
10,basic,Which of the following is not an array operation in Solidity?,push,pop,length,sort,D,Single Choice
11,basic,"What is a characteristic of library contracts"" in Solidity?""",Can have state variables,Can inherit from other contracts,Cannot have state variables,Can receive Ether,C,Single Choice
12,basic,What inheritance feature does Solidity support?,Single inheritance,Multiple inheritance,Private inheritance,Dynamic inheritance,B,Single Choice
13,basic,"What is a characteristic of interfaces"" in Solidity?""",Can include implementations,Can have constructors,Can only declare functions,Can have state variables,C,Single Choice
14,basic,Which of the following is not a method for creating contracts in Solidity?,new keyword,Clone proxy,Factory pattern,import statement,D,Single Choice
15,basic,"What is a characteristic of ""abstract contracts"" in Solidity?",Cannot be deployed,Cannot have state variables,Cannot have function implementations,Cannot be inherited,A,Single Choice
16,basic,Which of the following is not a compilation tool for smart contracts?,solc,vyper,truffle,metamask,D,Single Choice
17,basic,Which of the following is not a control structure in Vyper?,if,for,while,switch,D,Single Choice
18,basic,Which of the following is not a built-in global variable in Solidity?,msg.sender,block.timestamp,tx.origin,contract.balance,D,Single Choice
19,basic,"In Solidity, what is the purpose of assembly"" blocks?""",Writing low-level EVM opcodes,Assembling contract components,Creating contract interfaces,Defining contract structure,A,Single Choice
20,basic,In Vyper, which of the following is a built-in variable for handling time?,now,timestamp,block.timestamp,current_time,C,Single Choice
21,basic,Which of the following is not a method for storing arrays in Solidity?,Fixed-size arrays,Dynamic arrays,Mappings,Linked lists,D,Single Choice
22,basic,In Solidity, what is the keyword for inheritance?,extends,inherits,implements,is,D,Single Choice
23,basic,Which of the following is not a built-in cryptographic function in Vyper?,sha256,keccak256,ripemd160,md5,D,Single Choice
24,basic,"What is the main purpose of the ""Timelock"" mechanism in smart contracts?",Delaying contract execution,Limiting contract call frequency,Setting contract expiration time,Synchronizing contract time,A,Single Choice
25,basic,Which of the following is not an error handling approach in Solidity?,"require(condition, message"")""",assert(condition),"revert(message"")""",try/catch,D,Single Choice
26,basic,Which of the following is not a valid function visibility in Vyper?,public,private,external,protected,D,Single Choice
27,basic,"What does ""ERC"" stand for in smart contracts?",Ethereum Request for Comments,Ethereum Record Collection,Ethereum Resource Control,Ethereum Blockchain Rules,A,Single Choice
28,basic,In Solidity, what rule does inheritance order follow?,Left to right,Right to left,Alphabetical order,By contract size,B,Single Choice
29,basic,Which of these are basic data types in Solidity?,uint,bool,float,address,"A, B, D",Multiple Choice
30,basic,Which of these are design features of Vyper?,Bounded loops,No recursion,Multiple inheritance,No class inheritance,"A, B, D",Multiple Choice
31,basic,Which of these are characteristics of smart contracts?,Automatic execution,Immutability,Revocability,Decentralization,"A, B, D",Multiple Choice
32,basic,Which of these are security vulnerabilities in smart contracts?,Reentrancy attacks,Integer overflow,User interface,Access control,"A, B, D",Multiple Choice
33,basic,Which of these are state mutability modifiers in Solidity?,view,pure,constant,payable,"A, B, D",Multiple Choice
34,basic,Which of these are built-in functions in Vyper?,sha256,keccak256,ecrecover,hashmap,"A, B, C",Multiple Choice
35,basic,Which of these are deployment environments for smart contracts?,Mainnet,Testnet,Local development environment,Physical server,"A, B, C",Multiple Choice
36,basic,Which of these are error handling mechanisms in Solidity?,require,assert,revert,try/catch,"A, B, C",Multiple Choice
37,basic,Which of these are compilation tools for smart contracts?,solc,vyper,Truffle,Metamask,"A, B",Multiple Choice
38,basic,Which of these are global variables in Solidity?,msg.sender,block.timestamp,tx.origin,contract.balance,"A, B, C",Multiple Choice
39,basic,Which of these are control structures in Vyper?,if,for,while,switch,"A, B",Multiple Choice
40,basic,Which of these are auditing tools for smart contracts?,Mythril,Slither,Echidna,Ganache,"A, B, C",Multiple Choice
41,basic,Which of these are contract types in Solidity?,Regular contracts,Abstract contracts,Interfaces,Classes,"A, B, C",Multiple Choice
42,basic,Which of these are data types in Vyper?,uint256,address,bytes32,float,"A, B, C",Multiple Choice
43,basic,Which of these are deployment tools for smart contracts?,Remix,Hardhat,Truffle,Metamask,"A, B, C",Multiple Choice
44,basic,Which of these are special functions in Solidity?,constructor,fallback,receive,main,"A, B",Multiple Choice
45,basic,Which of these are trends in smart contract development?,Upgradeable contracts,Cross-chain interoperability,Gas optimization,Centralized control,"A, B, D",Multiple Choice
46,basic,Which of these are built-in constants in Vyper?,ZERO_ADDRESS,MAX_UINT256,PI,INFINITY,"A, B",Multiple Choice
47,basic,Which of these are methods for calling between contracts in Solidity?,Direct calls,Delegatecall,Low-level calls,remotecall,"A, B, C",Multiple Choice
48,basic,Which of these are Gas optimization techniques for smart contracts?,Using short-circuit evaluation,Reducing storage operations,Using library contracts,Adding comments,"A, B, C",Multiple Choice
49,basic,Which of these are event features in Solidity?,Can have indexed parameters,Stored on the blockchain,Can be read by contracts internally,Can be modified,"A, B",Multiple Choice
50,basic,Which of these are decorators in Vyper?,@public,@private,@nonreentrant,@override,"A, B, C",Multiple Choice
51,basic,Which of these are design patterns for smart contracts?,Factory pattern,Proxy pattern,Checks-Effects-Interactions pattern,Model-View-Controller pattern,"A, B, C",Multiple Choice
52,basic,Which of these are built-in cryptographic functions in Solidity?,keccak256,sha256,ripemd160,md5,"A, B, C",Multiple Choice
53,basic,Which of these are development frameworks for smart contracts?,Hardhat,Truffle,Foundry,React,"A, B, C",Multiple Choice
54,intermediate,In Solidity 0.8.x, which integer operation will cause contract execution to fail?,Integer overflow,Integer division by zero,Integer modulo,Integer multiplication,A,Single Choice
55,intermediate,"What is user-defined operator overloading"" in Solidity primarily used for?""",Simplifying mathematical library implementation,Enhancing contract security,Reducing Gas consumption,Improving contract readability,A,Single Choice
56,intermediate,In Vyper, which feature is designed to prevent reentrancy attacks?,@nonreentrant decorator,Static type system,No recursive calls,Bounded loops,A,Single Choice
57,intermediate,Which method is most suitable for generating random numbers in smart contracts?,block.timestamp,keccak256(abi.encodePacked(block.difficulty, block.timestamp)),Off-chain random number generator + on-chain verification,Math.random(),C,Single Choice
58,intermediate,In the EIP-1559 transaction model, which part of the fee is burned?,Base Fee,Tip,Gas Limit,Max Fee,A,Single Choice
59,intermediate,Which inter-contract call method changes the value of msg.sender?,Direct call,call,delegatecall,staticcall,A,Single Choice
60,intermediate,Which method is most suitable for handling large number operations in Solidity?,Using uint256,Using library contracts,Using floating point numbers,Using string representation,B,Single Choice
61,intermediate,"Which smart contract development framework introduced ""Fuzzing"" as a standard feature?",Truffle,Hardhat,Foundry,Brownie,C,Single Choice
62,intermediate,Which pattern is most suitable for implementing access control in contracts?,Inheriting from OpenZeppelin's AccessControl,Using a simple owner variable,Using tx.origin checks,Using block.timestamp restrictions,A,Single Choice
63,intermediate,Which data structure in Solidity is most suitable for implementing a mapping to multiple values?,Nested mappings,Array of structs,Multidimensional arrays,Linked lists,A,Single Choice
64,intermediate,Which method is most suitable for implementing pause functionality in smart contracts?,Using selfdestruct,Implementing the Pausable interface,Using require(block.timestamp > pauseTime),Using try/catch to capture all calls,B,Single Choice
65,intermediate,In Vyper, which method is most suitable for handling contract upgrades?,Using proxy contracts,Using factory contracts,Using inheritance,Using @external decorator,A,Single Choice
66,intermediate,Which method is most suitable for storing large amounts of data in smart contracts?,Using mappings,Using arrays,Using event logs,Using off-chain storage + on-chain hashes,D,Single Choice
67,intermediate,Which method in Solidity is most suitable for implementing batch transfers?,Using loops to call transfer,Using multisignatures,Using batch processing functions,Using delegatecall,C,Single Choice
68,intermediate,Which pattern is most suitable for implementing contract factories?,Singleton pattern,Factory pattern,Proxy pattern,Observer pattern,B,Single Choice
69,intermediate,In Vyper, which method is most suitable for handling large structured data?,Using struct,Using multiple mappings,Using nested mappings,Using arrays,C,Single Choice
70,intermediate,Which method is most suitable for implementing time-locking functionality in smart contracts?,Using block.timestamp,Using block numbers,Using external oracles,Using Gas limits,A,Single Choice
71,intermediate,Which smart contract security tool can detect reentrancy vulnerabilities?,Mythril,Slither,Echidna,All of the above,D,Single Choice
72,intermediate,In Solidity, which method is most suitable for implementing secure communication between contracts?,Using events,Using interfaces,Using libraries,Using inheritance,B,Single Choice
73,intermediate,Which pattern is most suitable for implementing permission management in contracts?,Role-based access control,Owner pattern,Timelock pattern,Multisignature,A,Single Choice
74,intermediate,In Vyper, which method is most suitable for handling contract state transitions?,Using state enumerations,Using mappings to track states,Using events to record state changes,Using external contracts,A,Single Choice
75,intermediate,Which method is most suitable for implementing complex business logic in smart contracts?,Using a single large contract,Using multiple smaller contracts,Using library contracts,Using proxy contracts,B,Single Choice
76,intermediate,Which smart contract development trend has gained more attention?,Cross-chain interoperability,Centralized control,Monolithic architecture,Hardcoded parameters,A,Single Choice
77,intermediate,In Solidity, which method is most suitable for implementing contract version control?,Using version variables,Using different contract names,Using the proxy pattern,Using events to record versions,C,Single Choice
78,intermediate,Which pattern is most suitable for implementing contract state validation?,Using modifiers,Using require statements,Using assert statements,Using try/catch,A,Single Choice
79,intermediate,In Vyper, which method is most suitable for handling contract upgrade data migration?,Using events to record old data,Using new contracts to read from old contracts,Using external storage,Using proxy contracts to preserve storage layout,D,Single Choice
80,intermediate,Which smart contract optimization technique is widely adopted?,Using short-circuit evaluation,Using inline assembly,Using storage packing,All of the above,D,Single Choice
81,intermediate,In Solidity, which method is most suitable for implementing message passing between contracts?,Using events,Using callback functions,Using shared storage,Using global variables,B,Single Choice
82,intermediate,Which pattern is most suitable for implementing batch operations in contracts?,Using loops,Using mappings,Using multiple transactions,Using batch processing functions,D,Single Choice
83,intermediate,In Vyper, which method is most suitable for handling contract errors?,Using assert,try/except,Using raise,Using return,A,Single Choice
84,intermediate,Which method is most suitable for implementing complex calculations in smart contracts?,On-chain calculation,Off-chain calculation + on-chain verification,Using library contracts,Using recursion,B,Single Choice
85,intermediate,Which smart contract security practice is more widely adopted?,Formal verification,Code obfuscation,Closed-source development,Minimal testing,A,Single Choice
86,intermediate,In Solidity, which method is most suitable for implementing contract state recovery?,Using try/catch,Using checkpoints pattern,Using event replay,Using global variables,B,Single Choice
87,intermediate,Which pattern is most suitable for implementing multisignature in contracts?,Using mappings to track signatures,Using arrays to store signatures,Using events to record signatures,Using external contracts,A,Single Choice
88,intermediate,In Vyper, which method is most suitable for handling contract state locking?,Using state variables,Using decorators,Using events,Using external calls,B,Single Choice
89,intermediate,Which smart contract development framework introduced more efficient testing tools?,Truffle,Hardhat,Foundry,Brownie,C,Single Choice
90,intermediate,In Solidity, which method is most suitable for implementing contract state transitions?,Using enumerations,Using mappings,Using events,Using external contracts,A,Single Choice
91,intermediate,Which of these are methods for preventing reentrancy attacks in smart contracts?,Checks-Effects-Interactions pattern,Using ReentrancyGuard,Using tx.origin,Using mutual exclusion locks,"A, B, D",Multiple Choice
92,intermediate,Which of these are new features in Solidity 0.8.x?,Built-in integer overflow checking,Custom errors,try/catch statements,User-defined operators,"A, B, D",Multiple Choice
93,intermediate,Which of these are methods for implementing upgradeability in smart contracts?,Proxy pattern,Data separation pattern,Diamond pattern,Singleton pattern,"A, B, C",Multiple Choice
94,intermediate,Which of these are Gas optimization techniques in smart contracts?,Using constants and immutables,Using short-circuit evaluation,Using storage packing,Adding comments,"A, B, C",Multiple Choice
95,intermediate,Which of these are design patterns in Solidity?,Factory pattern,Proxy pattern,Checks-Effects-Interactions pattern,Model-View-Controller pattern,"A, B, C",Multiple Choice
96,intermediate,Which of these are access control mechanisms in smart contracts?,Role-based access control,Owner pattern,Multisignature,Block timestamp,"A, B, C",Multiple Choice
97,intermediate,Which of these are built-in security functions in Vyper?,assert_modifiable,safe_mul,ecrecover,create_forwarder_to,"A, C",Multiple Choice
98,intermediate,Which of these are state management techniques in smart contracts?,Using enumerations to define states,Using mappings to track states,Using events to record state changes,Using block numbers,"A, B, C",Multiple Choice
99,intermediate,Which of these are error handling mechanisms in Solidity?,require,assert,revert,try/catch,"A, B, C",Multiple Choice
100,intermediate,Which of these are time management methods in smart contracts?,Using block.timestamp,Using block numbers,Using Date objects,Using timezones,"A, B",Multiple Choice
101,intermediate,Which of these are control structures in Vyper?,if,for,while,switch,"A, B",Multiple Choice
102,intermediate,Which of these are data storage optimization techniques in smart contracts?,Using mappings instead of arrays,Using compact storage,Using events to store historical data,Using nested loops,"A, B, C",Multiple Choice
103,intermediate,Which of these are ways to use libraries in Solidity?,Using using for,Directly calling library functions,Inheriting libraries,Importing library variables,"A, B",Multiple Choice
104,intermediate,Which of these are special functions in Solidity?,constructor,fallback,receive,main,"A, B, C",Multiple Choice
105,advanced,In Solidity, which opcode consumes the most Gas?,SLOAD,CALL,SSTORE (from 0 to non-0),CREATE,C,Single Choice
106,advanced,Which smart contract formal verification tool can prove that contracts satisfy specific mathematical properties?,Mythril,Certora Prover,Slither,Echidna,B,Single Choice
107,advanced,Which technique can fix vulnerabilities in deployed contracts without modifying the contract code?,Proxy pattern,Emergency pause,State channels,Formal verification,B,Single Choice
108,advanced,Which smart contract optimization technique can significantly reduce Gas consumption for cross-contract calls?,Using multicall pattern,Using delegatecall,Using inline assembly,Using event logs,A,Single Choice
109,advanced,In Solidity, which storage pattern is most suitable for implementing efficient large-scale data structures?,Compact storage pattern,Layered storage pattern,Merkle tree storage,Chained storage pattern,C,Single Choice
110,advanced,Which technique can implement zero-knowledge proof verification in smart contracts?,zk-SNARK verifier,Elliptic curve signature,Hash chain,Bloom filter,A,Single Choice
111,advanced,Which cross-chain smart contract standard has gained wider adoption?,IBC protocol,CCIP standard,LayerZero messaging,All of the above,D,Single Choice
112,advanced,In Vyper, which technique is most suitable for implementing complex access control systems?,Using mappings to store permissions,Using decorators,Using interface contracts,Using event logs,A,Single Choice
113,advanced,Which design pattern is most suitable for implementing smart contract composability?,Modular design,Monolithic design,Hierarchical design,Centralized design,A,Single Choice
114,advanced,Which smart contract security technique can prevent MEV attacks?,Timelocks,Commit-reveal pattern,Multisignature,Formal verification,B,Single Choice
115,advanced,In the EVM, which operation may lead to unpredictable Gas consumption?,External contract calls,State variable reads,Event emissions,Pure computation,A,Single Choice
116,advanced,Which smart contract design pattern is used for implementing efficient state channels?,Signature verification pattern,Hash timelock contracts,Multisignature wallets,Proxy contracts,B,Single Choice
117,advanced,In Solidity, which technique can most effectively reduce contract deployment costs?,Using library contracts,Using minimal proxy pattern,Using factory contracts,Using interfaces,B,Single Choice
118,advanced,Which smart contract architecture pattern is used for implementing efficient cross-chain asset bridges?,Lock-and-mint pattern,Burn-and-mint pattern,Atomic swap pattern,All of the above,D,Single Choice
119,advanced,In the EVM, which storage pattern is most suitable for implementing efficient sparse arrays?,Using mappings as simulation,Using dynamic arrays,Using linked lists,Using fixed-size arrays,A,Single Choice
120,advanced,Which technique is most suitable for implementing efficient batch operations in smart contracts?,Using loops,Using multiple transactions,Using calldata packing,Using events,C,Single Choice
121,advanced,Which smart contract optimization technique is used to reduce Gas consumption for storage operations?,Using events instead of storage,Using memory caching,Using compact storage encoding,All of the above,D,Single Choice
122,advanced,In Solidity, which technique can most effectively implement complex state machines?,Using enumerations and mappings,Using function pointers,Using delegatecall,Using interfaces,A,Single Choice
123,advanced,Which technique is most suitable for implementing efficient permission management in smart contracts?,Using bitmaps to represent permissions,Using role enumerations,Using string comparisons,Using hash tables,A,Single Choice
124,advanced,In the EVM, which technique can most effectively reduce Gas consumption for contract execution?,Using inline assembly,Using library contracts,Using interfaces,Using events,A,Single Choice
125,advanced,Which technique is most suitable for implementing efficient large-scale data storage in smart contracts?,Using IPFS + on-chain hashes,Using on-chain storage,Using event logs,Using external contracts,A,Single Choice
126,advanced,Which smart contract security technique is used to prevent flash loan attacks?,Using price oracles,Using timelocks,Using multisignature,Using formal verification,A,Single Choice
127,advanced,In Solidity, which technique can most effectively implement complex mathematical calculations?,Using library contracts,Using inline assembly,Using off-chain calculation + on-chain verification,Using floating point simulation,C,Single Choice
128,advanced,Which technique is most suitable for implementing efficient large-scale data queries in smart contracts?,Using indexed events,Using mappings,Using arrays,Using linked lists,A,Single Choice
129,advanced,Which smart contract architecture pattern is used for implementing efficient decentralized identity verification?,Claim-verify pattern,Proxy pattern,Factory pattern,Observer pattern,A,Single Choice
130,advanced,Which of these are techniques for implementing efficient Gas optimization in smart contracts?,Using short-circuit evaluation,Using storage packing,Using inline assembly,Adding comments,"A, B, C",Multiple Choice
131,advanced,Which of these are focus areas for smart contract security audits?,Reentrancy attacks,Oracle manipulation,Cross-chain vulnerabilities,User interface,"A, B, C",Multiple Choice
132,advanced,Which of these are techniques for implementing efficient cross-chain communication in smart contracts?,Messaging protocols,Hash timelock contracts,Light client verification,Centralized bridges,"A, B, C",Multiple Choice
133,advanced,Which of these are advanced memory management techniques in Solidity?,Inline assembly memory operations,Custom memory allocators,Garbage collection,Virtual memory,"A, B",Multiple Choice
134,advanced,Which of these are techniques for implementing efficient state management in smart contracts?,Using state channels,Using checkpoints,Using event logs,Using centralized databases,"A, B, C",Multiple Choice
135,advanced,Which of these are cutting-edge technologies in smart contract development?,Zero-knowledge proof integration,Formal verification,Cross-chain interoperability,Centralized control,"A, B, C",Multiple Choice
136,advanced,Which of these are techniques for implementing efficient data compression in smart contracts?,Bit packing,RLP encoding,ZIP compression,Video encoding,"A, B",Multiple Choice
137,advanced,Which of these are advanced design patterns in Solidity?,Diamond pattern,Proxy pattern,Factory pattern,Model-View-Controller pattern,"A, B, C",Multiple Choice
138,advanced,Which of these are techniques for implementing efficient access control in smart contracts?,Role-based access control,Bitmap permissions,Timelock control,Physical access control,"A, B, C",Multiple Choice
139,advanced,Which of these are techniques for implementing efficient batch processing in smart contracts?,Multicall aggregation,Batch data processing,Parallel execution,Distributed computing,"A, B",Multiple Choice
140,advanced,Which of these are advanced security patterns in Solidity?,Checks-Effects-Interactions pattern,Pull payment pattern,Rate limiter pattern,Client-server pattern,"A, B, C",Multiple Choice 
141,Advanced,"In PropertyGPT's retrieval-augmented property generation framework, which components are essential for achieving effective temporal logic property synthesis for smart contract formal verification?",Vector database for property retrieval with semantic similarity matching,Compilation-based static analysis for code structure extraction,Weighted ranking algorithm for property relevance scoring,Manual property annotation by domain experts,"A, B, C",Yes
142,Advanced,Which formal verification techniques can effectively detect cross-function reentrancy vulnerabilities that span multiple contract calls within a single transaction?,Bounded model checking with call stack depth limits,Symbolic execution with path explosion mitigation,Temporal logic model checking with CTL* specifications,Static taint analysis without inter-procedural analysis,"A, B, C",Yes
143,Advanced,"In the context of Hoare logic specifications for smart contracts, which precondition-postcondition pairs correctly capture the invariant preservation property for a token transfer function?",Pre: balance[sender] >= amount ∧ balance[receiver] + amount <= MAX_UINT256,Post: balance[sender] = old(balance[sender]) - amount ∧ balance[receiver] = old(balance[receiver]) + amount,Invariant: Σ(balance[i]) = totalSupply for all valid addresses i,Pre: msg.sender == sender ∧ amount > 0,"A, B, C",Yes
144,Advanced,Which automated property generation techniques in PropertyGPT specifically address the challenge of generating comprehensive invariants for DeFi protocols?,Retrieval of similar protocol properties from vector databases,Static analysis of mathematical relationships between state variables,LLM-based generation with domain-specific prompting strategies,Random property generation with mutation testing,"A, B, C",Yes
145,Advanced,"In symbolic execution for smart contract verification, which techniques are necessary to handle the state explosion problem when analyzing contracts with complex storage patterns?",Path merging with symbolic state abstraction,Lazy constraint solving with incremental SMT solving,Compositional verification with contract interface specifications,Exhaustive path enumeration without pruning,"A, B, C",Yes
146,Advanced,"Which model checking approaches can effectively verify liveness properties in smart contracts, such as ensuring that locked funds can eventually be withdrawn?",Linear Temporal Logic (LTL) model checking with fairness assumptions,Computation Tree Logic (CTL) with existential path quantifiers,μ-calculus model checking with greatest fixed-point operators,Propositional logic satisfiability checking,"A, B, C",Yes
147,Advanced,"In the context of theorem proving for smart contract verification, which proof strategies are most effective for establishing functional correctness of complex DeFi invariants?",Inductive proof techniques with loop invariant synthesis,Coinductive proofs for infinite execution traces,Proof by contradiction with counterexample-guided refinement,Direct proof construction without intermediate lemmas,"A, B, C",Yes
148,Advanced,Which static analysis techniques can detect subtle integer overflow vulnerabilities in Solidity 0.8+ that bypass built-in overflow protection?,Unchecked block analysis with arithmetic operation tracking,Assembly code analysis for low-level arithmetic operations,External library call analysis for unsafe math operations,Compiler optimization analysis for dead code elimination,"A, B, C",Yes
149,Advanced,"In bounded model checking for smart contracts, which techniques help achieve completeness guarantees while maintaining computational tractability?",k-induction with increasing bound sequences,Interpolation-based refinement with Craig interpolants,Abstraction refinement with spurious counterexample elimination,Brute-force enumeration of all possible execution paths,"A, B, C",Yes
150,Advanced,Which invariant specification patterns are most critical for verifying the correctness of automated market maker (AMM) smart contracts?,Constant product invariant: x * y = k for liquidity pools,Token conservation: total input tokens = total output tokens + fees,Price impact bounds: |new_price - old_price| <= max_slippage,Arbitrary user balance constraints without economic justification,"A, B, C",Yes
151,Advanced,"In Layer 2 rollup environments, which MEV extraction mechanisms differ fundamentally from Ethereum mainnet due to the centralized sequencer model?",Sequencer-level transaction reordering within a single batch,Cross-rollup arbitrage opportunities through delayed finality,Batch auction mechanisms for transaction inclusion priority,Mempool-based front-running attacks,"A, B, C",Yes
152,Advanced,Which components of the BITE Protocol architecture enable consensus-level MEV elimination without compromising blockchain security?,Cryptographic commitment schemes for transaction ordering,Verifiable delay functions (VDFs) for time-based ordering,Threshold encryption with delayed decryption keys,Centralized transaction ordering by trusted authorities,"A, B, C",Yes
153,Advanced,"In MEV-Boost's proposer-builder separation model, which attack vectors can compromise the integrity of block construction?",Builder collusion to manipulate transaction ordering across multiple blocks,Relay censorship of specific transaction types or addresses,Proposer equivocation with multiple block proposals,Validator slashing for honest block proposal behavior,"A, B, C",Yes
154,Advanced,Which preconfirmation mechanisms can effectively reduce MEV extraction while maintaining decentralization in Ethereum's roadmap?,Based preconfirmations with restaking-based economic security,Inclusion list enforcement with mandatory transaction inclusion,Time-based transaction ordering with verifiable timestamps,Centralized preconfirmation services without cryptoeconomic guarantees,"A, B, C",Yes
155,Advanced,"In cross-domain MEV scenarios involving multiple rollups, which arbitrage detection techniques can identify profitable opportunities?",Real-time price feed monitoring across different L2 DEXs,Gas cost analysis including L1 settlement fees,Finality time analysis for cross-rollup transaction coordination,Random transaction submission without market analysis,"A, B, C",Yes
156,Advanced,Which sandwich attack mitigation strategies can be implemented at the smart contract level without requiring protocol changes?,Commit-reveal schemes for transaction parameters,Time-weighted average price (TWAP) oracles for execution,Maximum slippage protection with revert conditions,Public mempool broadcasting without protection mechanisms,"A, B, C",Yes
157,Advanced,"In the context of flashloan-based MEV extraction, which smart contract patterns enable atomic arbitrage across multiple DeFi protocols?",Multicall contract patterns for batched function execution,Callback-based execution with intermediate state validation,Conditional execution with profitability checks,Sequential transaction submission without atomicity guarantees,"A, B, C",Yes
158,Advanced,Which time-based MEV attack vectors exploit the temporal aspects of blockchain transaction processing?,Just-in-time (JIT) liquidity provision before large swaps,Block timestamp manipulation for time-dependent contract logic,Cross-block MEV extraction through predictable ordering,Instantaneous transaction execution without timing considerations,"A, B, C",Yes
159,Advanced,"In zk-SNARK integration with smart contracts, which cryptographic components are essential for achieving both succinctness and zero-knowledge properties?",Bilinear pairings over elliptic curves for verification efficiency,Polynomial commitment schemes with hiding properties,Fiat-Shamir transformation for non-interactive proof generation,Plaintext witness revelation for transparency,"A, B, C",Yes
160,Advanced,Which on-chain proof verification techniques can efficiently validate zk-STARK proofs while minimizing gas consumption in smart contracts?,Merkle tree verification with optimized hash functions,FRI (Fast Reed-Solomon Interactive Oracle Proofs) verification,Batch verification of multiple proofs simultaneously,Complete proof regeneration on-chain,"A, B, C",Yes
161,Advanced,"In privacy-preserving smart contracts using zero-knowledge proofs, which techniques enable selective disclosure of transaction details?",Merkle tree inclusion proofs with hidden leaf values,Range proofs for amount confidentiality with bounds,Commitment schemes with selective opening properties,Complete transaction history revelation,"A, B, C",Yes
162,Advanced,Which recursive proof composition techniques enable scalable verification of complex smart contract state transitions?,Proof-carrying data (PCD) with incremental verification,Recursive SNARKs with proof aggregation,Accumulation schemes for batched proof verification,Linear proof verification without composition,"A, B, C",Yes
163,Advanced,"In universal composability (UC) frameworks for zero-knowledge systems, which security properties are preserved under concurrent composition?",Zero-knowledge property under adaptive adversaries,Soundness guarantees with extraction capabilities,Simulation-based security with ideal functionality,Information-theoretic security without computational assumptions,"A, B, C",Yes
164,Advanced,Which zk-based identity verification mechanisms can be integrated into smart contracts for privacy-preserving authentication?,Anonymous credentials with selective attribute disclosure,Zero-knowledge membership proofs for authorized sets,Threshold signature schemes with privacy preservation,Public key infrastructure with full identity revelation,"A, B, C",Yes
165,Advanced,"In proof aggregation systems for smart contracts, which techniques enable efficient verification of multiple zero-knowledge proofs?",Batch verification with randomized linear combinations,Proof compression through recursive composition,Amortized verification with shared setup parameters,Individual proof verification without optimization,"A, B, C",Yes
166,Advanced,Which zero-knowledge proof systems are most suitable for verifying complex smart contract computations with large witness sizes?,zk-STARKs with transparent setup and post-quantum security,Bulletproofs for range proofs with logarithmic proof size,Plonk with universal and updatable trusted setup,Interactive proof systems requiring multiple rounds,"A, B, C",Yes
167,Advanced,"In EIP-4337 Account Abstraction implementation, which components of the UserOperation validation process are critical for preventing replay attacks?",Nonce management with sequential or non-sequential ordering,Signature validation with account-specific verification logic,Gas estimation with paymaster-sponsored transaction support,Timestamp validation without cryptographic protection,"A, B, C",Yes
168,Advanced,Which fundamental differences between EIP-7702 and EIP-4337 affect the security model of account abstraction implementations?,EIP-7702 enables EOA transformation without new account creation,EIP-4337 requires separate EntryPoint contract for operation processing,EIP-7702 maintains backward compatibility with existing EOA infrastructure,Both proposals require identical validation and execution logic,"A, B, C",Yes
169,Advanced,"In paymaster contract design for EIP-4337, which mechanisms ensure economic security while enabling gasless transactions?",Stake-based security with slashing conditions for malicious behavior,Gas price oracle integration for accurate cost estimation,Rate limiting mechanisms to prevent abuse and DoS attacks,Unlimited gas sponsorship without economic constraints,"A, B, C",Yes
170,Advanced,Which bundler infrastructure components are essential for maintaining decentralization in EIP-4337 ecosystems?,Mempool standardization for UserOperation propagation,MEV protection mechanisms for fair transaction ordering,Reputation systems for bundler quality assessment,Centralized bundler selection without competition,"A, B, C",Yes
171,Advanced,"In session key management for smart accounts, which cryptographic techniques enable secure delegation of limited permissions?",Time-bounded signatures with expiration timestamps,Capability-based access control with specific function permissions,Hierarchical deterministic key derivation for key management,Permanent key delegation without revocation mechanisms,"A, B, C",Yes
172,Advanced,Which smart account upgradeability patterns maintain security while enabling feature evolution in account abstraction systems?,Proxy patterns with immutable implementation logic,Diamond standard (EIP-2535) with modular function upgrades,Timelock-protected upgrades with community governance,Immediate upgrades without security delays or validation,"B, C",Yes
173,Advanced,"In cross-chain bridge security models, which verification mechanisms can detect and prevent forged block header attacks?",Light client verification with consensus rule validation,Merkle proof validation with cryptographic hash verification,Multi-signature validation from trusted validator sets,Single oracle attestation without cryptographic proof,"A, B",Yes
174,Advanced,Which light client implementation strategies can provide trustless verification of foreign chain state without full node requirements?,Sync committee verification for proof-of-stake consensus,Difficulty adjustment validation for proof-of-work chains,Fraud proof mechanisms for optimistic verification,Centralized checkpoint validation without cryptographic proofs,"A, B, C",Yes
175,Advanced,"In Merkle proof validation for cross-chain transactions, which attack vectors can compromise the integrity of inclusion proofs?",Merkle tree collision attacks with hash function weaknesses,Proof path manipulation with invalid intermediate nodes,Root hash substitution with alternative valid trees,Cryptographically sound proof construction,"A, B, C",Yes
176,Advanced,Which consensus rule divergence scenarios pose the greatest risk to cross-chain bridge security?,Hard fork disagreements leading to chain splits,Validator set changes affecting signature verification,Block time adjustments impacting finality assumptions,Identical consensus mechanisms across all chains,"A, B, C",Yes
177,Advanced,"In cross-chain message authentication protocols, which cryptographic techniques ensure message integrity and authenticity?",Digital signatures with cross-chain key verification,Hash-based message authentication codes (HMAC),Threshold signature schemes for distributed validation,Plaintext message transmission without authentication,"A, B, C",Yes
178,Advanced,Which atomic cross-chain swap mechanisms can guarantee transaction atomicity without trusted intermediaries?,Hash time-locked contracts (HTLCs) with secret revelation,Adaptor signatures with scriptless atomic swaps,Zero-knowledge contingent payments,Centralized escrow services with manual intervention,"A, B, C",Yes
179,Advanced,"In diamond proxy pattern (EIP-2535) implementations for DAO governance, which security mechanisms prevent unauthorized function selector conflicts?",Function selector collision detection during facet addition,Access control validation for facet management operations,Immutable core functions with upgrade restrictions,Unrestricted function selector overwriting,"A, B, C",Yes
180,Advanced,Which governance attack vectors can exploit voting mechanisms in token-based DAO systems?,Flash loan governance attacks with temporary token acquisition,Vote buying through secondary markets and bribes,Proposal spam attacks to overwhelm governance processes,Transparent voting without strategic considerations,"A, B, C",Yes
181,Advanced,"In timelock mechanism design for smart contract upgrades, which parameters are critical for balancing security and agility?",Minimum delay period for community review and response,Emergency pause mechanisms for critical vulnerability fixes,Multi-signature requirements for timelock execution,Immediate execution without delay for all proposals,"A, B, C",Yes
182,Advanced,Which proposal and voting vulnerabilities can compromise the integrity of DAO decision-making processes?,Quorum manipulation through coordinated abstention,Last-minute voting attacks near proposal deadlines,Delegation chain attacks in liquid democracy systems,Cryptographically secure voting without manipulation,"A, B, C",Yes
183,Advanced,"In reputation-based governance systems, which mechanisms ensure fair and manipulation-resistant reputation scoring?",Contribution-weighted scoring with verifiable metrics,Time-decay functions for historical reputation adjustment,Sybil resistance through identity verification requirements,Arbitrary reputation assignment without verification,"A, B, C",Yes
184,Advanced,Which hybrid governance model components can effectively combine token-based and reputation-based decision making?,Weighted voting with both token and reputation factors,Quadratic voting mechanisms to reduce plutocracy effects,Expertise-based voting weights for technical proposals,Single-factor voting without hybrid considerations,"A, B, C",Yes
185,Advanced,Which cross-function reentrancy attack patterns can bypass traditional reentrancy guards in complex smart contract systems?,State modification between external calls in different functions,Callback-based reentrancy through ERC-777 token hooks,Cross-contract reentrancy via delegate calls,Simple single-function reentrancy with basic guards,"A, B, C",Yes
186,Advanced,"In flash loan attack patterns against DeFi protocols, which manipulation techniques can exploit price oracle vulnerabilities?",Liquidity pool manipulation to skew price feeds,Arbitrage-based price deviation amplification,Governance token flash loan attacks on oracle parameters,Cryptographically secure oracle feeds without manipulation,"A, B, C",Yes
187,Advanced,Which oracle manipulation techniques can compromise the integrity of price feeds in decentralized finance protocols?,Sandwich attacks around oracle price updates,Flash loan-based liquidity manipulation,Time-weighted average price (TWAP) manipulation over multiple blocks,Tamper-proof oracle infrastructure without attack vectors,"A, B, C",Yes
188,Advanced,"In governance token attack scenarios, which exploitation methods can compromise DAO decision-making processes?",Flash loan acquisition of voting power for malicious proposals,Token delegation attacks through proxy voting mechanisms,Proposal timing attacks during low participation periods,Transparent governance without strategic manipulation,"A, B, C",Yes
189,Advanced,Which signature replay attack vectors can exploit weaknesses in smart contract authentication mechanisms?,Cross-chain signature replay with identical nonce systems,EIP-712 domain separator bypass in signature verification,Meta-transaction replay across different contract instances,Cryptographically unique signatures without replay potential,"A, B, C",Yes
190,Advanced,Which access control bypass techniques can exploit vulnerabilities in role-based permission systems?,Function selector collision attacks in proxy contracts,Initialization function replay in upgradeable contracts,Privilege escalation through delegate call vulnerabilities,Properly implemented access control without bypass vectors,"A, B, C",Yes
191,Advanced,"In PropertyGPT's LLM-driven formal verification framework for smart contracts, which combination of techniques enables automated generation of comprehensive temporal logic properties?",Abstract syntax tree parsing with GPT-4's code understanding capabilities,Computation Tree Logic (CTL) synthesis combined with transition system modeling,Natural language processing of contract specifications with automated CTL* generation,Symbolic execution traces converted to Linear Temporal Logic (LTL) formulas,"B, C",Yes
192,Advanced,"When implementing hybrid zk-STARK and zk-SNARK frameworks for privacy-preserving smart contracts, which architectural considerations are critical for optimizing the trade-off between proof size and verification time?",Using zk-STARKs for recursive proof composition and zk-SNARKs for final aggregation,Employing zk-SNARKs for frequent operations and zk-STARKs for infrequent complex computations,Implementing polynomial commitment schemes that are compatible with both proof systems,Utilizing different elliptic curve groups for each proof system to maximize security,"A, C",Yes
193,Advanced,"In the context of MEV extraction on Layer-2 rollups, which mechanisms can effectively mitigate cross-domain MEV while maintaining atomic composability?",Implementing commit-reveal schemes with verifiable delay functions (VDFs),Using threshold encryption with distributed key generation for transaction ordering,Employing fair sequencing services with cryptographic sortition,Deploying time-locked smart contracts with predetermined execution windows,"A, B, C",Yes
194,Advanced,Which vulnerability pattern in smart contract proxy implementations can lead to storage collision attacks that bypass access control mechanisms?,Uninitialized proxy storage slots conflicting with implementation contract storage layout,Delegatecall context preservation allowing unauthorized state modifications,Storage slot calculation errors in upgradeable proxy patterns,All of the above represent critical proxy vulnerability patterns,D,No
195,Advanced,"In optimistic rollup fraud proof systems, which cryptographic primitives are essential for ensuring both soundness and completeness of the challenge-response protocol?",Merkle-Patricia trie commitments for state root verification,Interactive bisection protocols with polynomial commitment schemes,Zero-knowledge proofs for private witness data in fraud proofs,Verifiable random functions for dispute resolution ordering,"A, B",Yes
196,Advanced,"When analyzing smart contract bytecode for reentrancy vulnerabilities using symbolic execution, which constraint solving techniques provide the highest precision for detecting complex reentrancy patterns?",SMT solving with uninterpreted functions for external call modeling,Bounded model checking with k-induction for loop invariant discovery,Abstract interpretation with widening operators for infinite state spaces,Concolic execution with dynamic symbolic execution for path exploration,"A, D",Yes
197,Advanced,"In zk-SNARK circuits for private smart contract execution, which optimization techniques are most effective for reducing constraint count while maintaining zero-knowledge properties?",Plookup tables for complex arithmetic operations,Custom gates with higher-degree polynomial constraints,Circuit batching with amortized proof generation,Recursive proof composition using proof-carrying data,"A, B, D",Yes
198,Advanced,Which attack vector in flash loan protocols can exploit the atomicity assumption to manipulate oracle prices across multiple DeFi protocols simultaneously?,Cross-protocol arbitrage with temporary liquidity imbalances,Oracle manipulation through concentrated liquidity provision,Governance token flash borrowing for proposal manipulation,Sandwich attacks on automated market maker price discovery,B,No
199,Advanced,"In account abstraction implementations, which security considerations are paramount when designing custom signature validation schemes?",Preventing signature malleability attacks through canonical signature enforcement,Implementing replay protection across different account abstraction implementations,Ensuring gas estimation accuracy for complex validation logic,Maintaining compatibility with existing wallet infrastructure,"A, B, C",Yes
200,Advanced,"When implementing intent-based transaction architectures, which mechanism provides the strongest guarantees for user preference satisfaction while preventing solver manipulation?",Cryptographic commitment schemes with verifiable solver selection,Multi-party computation for private intent matching,Threshold signatures for distributed intent execution,Zero-knowledge proofs for intent satisfaction verification,D,No
201,Advanced,"In the construction of zk-friendly hash functions for smart contract privacy, which design principles are essential for achieving both cryptographic security and circuit efficiency?",Minimizing multiplicative depth while maintaining collision resistance,Using prime field arithmetic compatible with elliptic curve groups,Implementing sponge construction with low-degree S-boxes,Employing algebraic hash functions with known discrete logarithm relations,"A, C",Yes
202,Advanced,Which cryptographic primitive enables efficient verification of smart contract state transitions in zk-rollups while preserving transaction privacy?,Polynomial commitment schemes with batch opening proofs,Accumulator-based membership proofs for state inclusion,Vector commitments with position-binding properties,Homomorphic encryption with circuit evaluation capabilities,A,No
203,Advanced,"In MEV-boost auction mechanisms, which design features can prevent validator centralization while maintaining economic efficiency?",Implementing sealed-bid auctions with commit-reveal schemes,Using verifiable random functions for builder selection randomization,Employing threshold encryption for bid privacy until block proposal,Implementing progressive disclosure of bid information,"A, C",Yes
204,Advanced,Which vulnerability in cross-chain bridge smart contracts can be exploited through time-based attacks that leverage block timestamp manipulation?,Finality period exploitation in optimistic bridge designs,Oracle update frequency mismatches between source and destination chains,Time-locked withdrawal mechanisms with predictable unlock times,Consensus timestamp drift between heterogeneous blockchain networks,"A, C",Yes
205,Advanced,"In the implementation of privacy-preserving automated market makers using zero-knowledge proofs, which constraint is most challenging to satisfy efficiently?",Proving correct execution of constant product formula in zero-knowledge,Maintaining liquidity provider anonymity while preventing double-spending,Verifying slippage protection without revealing trade amounts,Ensuring atomic swap completion across multiple privacy-preserving pools,B,No
206,Advanced,Which techniques in formal verification can effectively model and verify the correctness of upgradeable smart contract systems?,Temporal logic specifications with liveness and safety properties,Refinement relations between implementation and specification contracts,Invariant preservation across contract upgrade transitions,Behavioral equivalence checking between contract versions,"A, C, D",Yes
207,Advanced,"In the design of quantum-resistant smart contracts, which post-quantum cryptographic primitives provide the best trade-off between security and gas efficiency?",Lattice-based signatures with CRYSTALS-Dilithium,Hash-based signatures with SPHINCS+,Code-based cryptography with Classic McEliece,Isogeny-based cryptography with SIKE,A,No
208,Advanced,Which attack vectors in decentralized governance systems can be mitigated through cryptographic voting schemes?,Vote buying through transferable voting tokens,Sybil attacks through identity verification mechanisms,Collusion through verifiable secret sharing of voting power,Bribery through commit-reveal voting with penalties,"B, D",Yes
209,Advanced,"In the context of data availability sampling for rollup security, which cryptographic construction provides the strongest guarantees for detecting data withholding attacks?",Reed-Solomon erasure coding with random sampling,Polynomial commitment schemes with Kate-Zaverucha-Goldberg proofs,Merkle tree commitments with fraud proof challenges,Verifiable random functions for sampling coordinate selection,A,No
210,Advanced,Which mechanisms in smart contract-based prediction markets can prevent manipulation while maintaining market efficiency?,Automated market makers with logarithmic scoring rules,Commit-reveal schemes for large position disclosure,Time-weighted average pricing for outcome determination,Cryptographic sortition for oracle selection,"A, B, D",Yes
211,Advanced,"In proposer-builder separation (PBS) architectures, which mechanism can prevent builders from extracting excessive MEV while maintaining validator decentralization?",Implementing builder bond requirements with slashing conditions,Using verifiable delay functions for block proposal timing,Employing threshold encryption for transaction pool privacy,Implementing fair sequencing services with cryptographic sortition,C,No
212,Advanced,Which techniques can effectively detect and prevent sandwich attacks in decentralized exchange smart contracts?,Implementing batch auctions with uniform clearing prices,Using commit-reveal schemes for trade intention disclosure,Employing time-weighted average pricing for execution,Implementing maximum extractable value (MEV) redistribution mechanisms,"A, B",Yes
213,Advanced,"In cross-rollup MEV extraction scenarios, which protocol design can maintain atomic composability while preventing value extraction?",Implementing shared sequencer architectures with fair ordering,Using optimistic execution with fraud proof mechanisms,Employing zero-knowledge proofs for cross-rollup state verification,Implementing time-locked cross-rollup transaction batching,A,No
214,Advanced,Which cryptographic primitives are essential for implementing fair transaction ordering in MEV-resistant blockchain protocols?,Verifiable delay functions with sequential evaluation requirements,Threshold encryption with distributed key generation,Commit-reveal schemes with economic penalties for deviation,Verifiable random functions for deterministic but unpredictable ordering,"A, B, D",Yes
215,Advanced,"In the analysis of MEV extraction patterns using graph neural networks, which graph features are most predictive of profitable arbitrage opportunities?",Transaction dependency graphs with temporal edge weights,Liquidity pool connectivity with price differential annotations,Smart contract call graphs with gas cost estimations,User interaction patterns with historical profitability metrics,B,No
216,Advanced,Which mechanisms in automated market maker designs can reduce the impact of just-in-time (JIT) liquidity provision on MEV extraction?,Implementing time-weighted liquidity requirements,Using dynamic fee structures based on volatility,Employing liquidity provider lock-up periods,Implementing oracle-based price impact calculations,"A, C",Yes
217,Advanced,"In the context of MEV redistribution mechanisms, which approach provides the fairest distribution while maintaining protocol security?",Proportional redistribution based on transaction fees paid,Equal distribution among all network participants,Redistribution based on stake-weighted random selection,Auction-based redistribution with sealed bid mechanisms,D,No
218,Advanced,Which vulnerability in flash loan protocols enables attackers to manipulate governance votes through temporary token acquisition?,Snapshot-based voting without time-weighted considerations,Lack of minimum holding period requirements for voting eligibility,Insufficient quorum requirements for proposal passage,Absence of delegation restrictions for borrowed tokens,"A, B",Yes
219,Advanced,"In advanced reentrancy attacks that combine flash loans with cross-function reentrancy, which defensive programming patterns provide the strongest protection?",Implementing checks-effects-interactions pattern with reentrancy guards,Using pull payment patterns with withdrawal limits,Employing state machine patterns with explicit state transitions,Implementing atomic transaction batching with rollback mechanisms,"A, C",Yes
220,Advanced,Which attack vector in oracle-dependent smart contracts can exploit the temporal gap between price updates and transaction execution?,Front-running oracle updates with large position changes,Exploiting oracle staleness through delayed price propagation,Manipulating oracle feeds through flash loan-funded trades,All of the above represent valid oracle exploitation techniques,D,No
221,Advanced,"In the implementation of time-locked smart contracts, which vulnerability can be exploited through block timestamp manipulation by miners?",Premature unlock of time-locked funds through timestamp advancement,Delayed execution of time-sensitive operations through timestamp lag,Inconsistent time-lock behavior across different blockchain networks,Oracle timestamp synchronization failures in cross-chain scenarios,"A, B",Yes
222,Advanced,Which technique in smart contract formal verification can prove the absence of integer overflow vulnerabilities in complex arithmetic operations?,Bounded model checking with bit-vector arithmetic,Abstract interpretation with interval domains,Symbolic execution with constraint solving,Static analysis with dataflow analysis,A,No
223,Advanced,"In governance attack scenarios involving proposal manipulation, which mechanisms can prevent attackers from exploiting voting power concentration?",Implementing quadratic voting with identity verification,Using time-weighted voting power calculations,Employing delegation caps to limit voting power concentration,Implementing conviction voting with time-based weight accumulation,"A, C, D",Yes
224,Advanced,Which vulnerability in proxy contract implementations can lead to unauthorized access to administrative functions?,Function selector collision between proxy and implementation contracts,Unprotected initialization functions in implementation contracts,Storage layout incompatibility between contract versions,Delegatecall context confusion in multi-level proxy architectures,"A, B, D",Yes
225,Advanced,"In the analysis of smart contract bytecode for hidden backdoors, which static analysis technique provides the highest detection accuracy?",Control flow graph analysis with reachability checking,Data dependency analysis with taint propagation,Symbolic execution with path constraint solving,Abstract interpretation with value set analysis,C,No
226,Advanced,Which attack pattern in decentralized finance protocols exploits the composability of smart contracts to amplify economic damage?,Recursive liquidation cascades across multiple lending protocols,Cross-protocol arbitrage with temporary liquidity manipulation,Governance token flash borrowing for multi-protocol proposal manipulation,Atomic transaction batching for simultaneous protocol exploitation,"A, D",Yes
227,Advanced,"In the implementation of secure multi-signature wallets, which cryptographic scheme provides the strongest protection against key compromise scenarios?",Threshold signatures with proactive secret sharing,Multi-party computation with verifiable secret sharing,Hierarchical deterministic key derivation with time-locked recovery,Shamir's secret sharing with social recovery mechanisms,A,No
228,Advanced,Which vulnerability in cross-chain bridge protocols can be exploited through consensus finality manipulation?,Double-spending through chain reorganization attacks,Finality reversion through long-range attacks,Consensus timestamp manipulation for time-locked operations,Validator set manipulation through stake grinding attacks,"A, B",Yes
229,Advanced,"In optimistic rollup fraud proof systems, which cryptographic primitive ensures the verifier can efficiently validate state transition correctness?",Merkle-Patricia trie commitments with inclusion proofs,Polynomial commitment schemes with evaluation proofs,Vector commitments with position-binding properties,Accumulator-based membership proofs with batch verification,A,No
230,Advanced,Which mechanism in zk-rollup designs can prevent the sequencer from censoring transactions while maintaining privacy?,Implementing forced inclusion mechanisms with escape hatches,Using verifiable delay functions for transaction ordering,Employing threshold encryption for transaction pool privacy,Implementing decentralized sequencer selection with cryptographic sortition,"A, D",Yes
231,Advanced,"In the design of cross-rollup communication protocols, which challenge is most difficult to solve while maintaining security guarantees?",Ensuring atomic execution across heterogeneous rollup architectures,Maintaining message ordering consistency across different consensus mechanisms,Preventing double-spending in cross-rollup asset transfers,Synchronizing state finality across rollups with different confirmation times,A,No
232,Advanced,Which technique in rollup data compression can achieve the highest compression ratio while maintaining verifiability?,Dictionary-based compression with Merkle tree commitments,Arithmetic coding with zero-knowledge proof verification,Delta compression with state difference encoding,Huffman coding with frequency-based optimization,C,No
233,Advanced,"In the implementation of rollup escape hatches for emergency withdrawals, which security properties must be preserved?",Censorship resistance through alternative withdrawal paths,Double-spending prevention through state commitment verification,Liveness guarantees through timeout-based mechanisms,Privacy preservation through zero-knowledge withdrawal proofs,"A, B, C",Yes
234,Advanced,Which cryptographic construction enables efficient batch verification of multiple rollup state transitions?,Polynomial commitment schemes with batch opening proofs,Aggregate signatures with multi-message verification,Merkle tree aggregation with batch inclusion proofs,Vector commitments with batch position proofs,A,No
235,Advanced,"In the design of upgradeable rollup systems, which mechanism provides the strongest security guarantees against malicious upgrades?",Time-locked upgrade proposals with community review periods,Multi-signature requirements with threshold governance,Formal verification of upgrade compatibility,Gradual rollout with rollback capabilities,"A, C",Yes
236,Advanced,Which challenge in data availability sampling for rollup security requires the most sophisticated cryptographic solutions?,Detecting data withholding attacks through probabilistic sampling,Ensuring sample randomness without revealing sampling strategy,Verifying data availability without downloading complete datasets,Preventing adaptive adversaries from exploiting sampling patterns,D,No
237,Advanced,"In account abstraction implementations with custom signature schemes, which security considerations are most critical for preventing signature forgery?",Implementing domain separation for different signature contexts,Ensuring signature uniqueness through nonce-based replay protection,Preventing signature malleability through canonical encoding,Implementing key rotation mechanisms with forward secrecy,"A, C",Yes
238,Advanced,Which mechanism in intent-based transaction architectures provides the strongest guarantees for user preference satisfaction?,Cryptographic commitment schemes with verifiable solver selection,Multi-party computation for private intent matching,Zero-knowledge proofs for intent satisfaction verification,Threshold signatures for distributed intent execution,C,No
239,Advanced,"In the design of cross-chain interoperability protocols, which cryptographic primitive provides the strongest security guarantees for message authenticity?",Threshold signatures with distributed key generation,Multi-signature schemes with Byzantine fault tolerance,Zero-knowledge proofs of consensus validity,Verifiable random functions for validator selection,C,No
240,Advanced,Which approach in quantum-resistant smart contract design provides the best trade-off between security and computational efficiency?,Hybrid classical-quantum cryptographic schemes with gradual migration,Post-quantum signature aggregation with batch verification,Lattice-based cryptography with optimized parameter selection,Hash-based signatures with Merkle tree optimization,"A, C",Yes
241,Advanced,"In the October 2024 Morpho Blue PAXG/USDC market exploit, what was the primary technical cause that allowed the attacker to withdraw $230,000 with only $351 in collateral?",A reentrancy vulnerability in the withdrawal function,A misconfigured SCALE_FACTOR in the oracle due to decimal differences between PAXG (18 decimals) and USDC (6 decimals),A flash loan attack exploiting price manipulation,A governance token voting manipulation,B,No
242,Advanced,"According to CertiK's 2024 Web3 Security Report, which attack vectors accounted for the highest financial losses? Select all that apply.","Phishing attacks with $1,050,129,498 in losses across 296 incidents","Private key compromises with $855,385,570 stolen across 65 incidents",Reentrancy attacks with $35.7M in losses,Flash loan attacks with $33.8M in losses,"A, B",Yes
243,Advanced,"Sui's Mysticeti consensus algorithm, launched in 2024, achieved what specific performance improvement for owned object transactions?","Reduced latency from 2,200ms to 400ms (80% improvement)","Increased throughput from 1,000 to 10,000 TPS",Decreased gas costs by 90%,Improved finality time from 10 seconds to 1 second,A,No
244,Advanced,Which of the following are key technical characteristics of Fuel Network's modular execution layer? Select all that apply.,FuelVM optimized for parallel execution,UTXO-based transaction model,Account-based state model like Ethereum,Modular design separating execution from consensus,"A, B, D",Yes
245,Advanced,"In Starknet's Cairo programming language, what makes it particularly suitable for zero-knowledge proof applications?",It compiles directly to EVM bytecode,It uses Rust-inspired syntax with ZK-friendly architecture optimized for STARK proofs,It supports dynamic typing for flexible smart contracts,It implements automatic gas optimization,B,No
246,Advanced,Scroll's achievement as the first zk-rollup to reach Stage 1 status was primarily enabled by which technical advancement?,Implementation of fraud proofs,"Transition from hardcoded, opcode-specific zkEVM to fully programmable zkVM with OpenVM",Integration with Ethereum's beacon chain,Adoption of optimistic rollup technology,B,No
247,Advanced,Which security vulnerabilities were identified as the most financially damaging in 2024 according to OWASP Smart Contract Top 10? Select all that apply.,Access Control Vulnerabilities: $953.2M in losses,Logic Errors: $63.8M in losses,Reentrancy Attacks: $35.7M in losses,Flash Loan Attacks: $33.8M in losses,"A, B, C, D",Yes
248,Advanced,Celestia's modular blockchain architecture in 2024 raised $100 million in funding. What is its primary technical function?,Smart contract execution layer,Data availability layer that doesn't execute smart contracts but ensures data availability for other chains,Cross-chain bridge protocol,Decentralized storage network,B,No
249,Advanced,"In Uniswap v4's hooks system launched in 2024, what capabilities do hooks provide to developers? Select all that apply.",Custom logic for pool creation and management,Custom swap execution logic,Custom fee structures,Custom LP position management,"A, B, C, D",Yes
250,Advanced,Pendle Finance's yield tokenization mechanism splits interest-bearing assets into which two components?,Base Token (BT) and Yield Token (YT),Principal Token (PT) and Yield Token (YT),Collateral Token (CT) and Interest Token (IT),Stake Token (ST) and Reward Token (RT),B,No
251,Advanced,"EIP-7702, introduced in May 2024, enables what specific account abstraction functionality?",Allows smart contracts to pay gas fees for users,Allows a signer to designate a smart contract to execute on behalf of its EOA,Enables multi-signature wallet creation,Implements social recovery mechanisms,B,No
252,Advanced,Which of the following represent key differences between EIP-4337 and EIP-7702 for account abstraction? Select all that apply.,"EIP-4337 implements AA without protocol changes, while EIP-7702 requires protocol modifications","EIP-4337 primarily targets new accounts, while EIP-7702 can upgrade existing EOAs","EIP-4337 uses UserOperations, while EIP-7702 uses transaction delegation","EIP-4337 requires bundlers, while EIP-7702 works directly with existing infrastructure","A, B, C, D",Yes
253,Advanced,"In 2024, the aggregate valuation of zero-knowledge proof projects reached what milestone by May?",Over $10 billion,Over $21 billion,Over $50 billion,Over $100 billion,B,No
254,Advanced,Intent-based transaction systems introduced in 2024 rely on which key components to execute user intents? Select all that apply.,Searchers who identify arbitrage opportunities,Resolvers who interpret user intents,Solvers who compete to execute optimal transaction paths,Fillers who provide liquidity for intent execution,"A, B, C, D",Yes
255,Advanced,"NEAR's Intents system, introduced in November 2024, enables what primary functionality?",Direct cross-chain asset transfers,AI agents to execute transactions between chains based on user expressions of desired outcomes,Automated yield farming strategies,Decentralized identity verification,B,No
256,Advanced,Sui's gas pricing mechanism in 2024 achieved what cost advantage compared to other major blockchains?,"600% cheaper than Solana and 86,000% cheaper than Ethereum","50% cheaper than Solana and 1,000% cheaper than Ethereum","200% cheaper than Solana and 10,000% cheaper than Ethereum","Equal to Solana but 50,000% cheaper than Ethereum",A,No
257,Advanced,Which technical vulnerabilities in cross-chain bridge architectures represent primary security risks? Select all that apply.,Compromised multi-signature validator keys,Forged cross-chain message proofs,Client-side replay-protection flaws,Divergent consensus rules between connected chains,"A, B, D",Yes
258,Advanced,Morpho Blue's permissionless lending architecture allows what specific functionality that distinguishes it from traditional DeFi lending protocols?,Automated liquidation mechanisms,Users can create their own isolated lending markets with custom parameters,Integration with centralized exchanges,Support for non-fungible token collateral,B,No
259,Advanced,"Circle's TXT2TXN system, released in August 2024, demonstrates what application of AI in blockchain interactions?",Automated smart contract auditing,Using LLMs to pair user intents with blockchain transactions,AI-powered yield optimization,Machine learning-based fraud detection,B,No
260,Advanced,Which mechanisms can provide trustless verification of foreign-chain blocks without relying on third parties? Select all that apply.,Merkle-proof light clients,Off-chain oracle attestations,Centralized relayer signatures,Zero-knowledge succinct proofs (zk-SNARKs),"A, D",Yes
261,Advanced,Pendle's Boros system (formerly Pendle V3) introduced in November 2024 enables what advanced trading capability?,Automated arbitrage across DEXs,Yield trading with margin and unprecedented capital efficiency,Cross-chain yield farming,Algorithmic stablecoin minting,B,No
262,Advanced,The growth of yield-bearing stablecoins in 2024 showed what remarkable expansion according to Pendle's market analysis?,From $500M to $2B (300% growth),From $1.5B to $11B (633% growth),From $3B to $15B (400% growth),From $2B to $8B (300% growth),B,No
263,Advanced,"Sui Bridge, launched in 2024, facilitated what significant cross-chain activity in its first three months?","Transfer of over 10,000 ETH to Sui","Transfer of over 25,000 ETH to Sui","Transfer of over 50,000 ETH to Sui","Transfer of over 100,000 ETH to Sui",B,No
264,Advanced,Which factors contributed to Q3 2024 being the most costly quarter for Web3 security incidents? Select all that apply.,"$753,301,497 stolen across 157 incidents",Increased phishing attack sophistication,Higher average loss per incident compared to other quarters,Peak activity in private key compromises,"A, B, D",Yes
265,Advanced,"OpenZeppelin's Uniswap v4 hooks library, announced in October 2024, aims to address what primary concern?",Gas optimization for hook execution,Security and standardization of hook development,Cross-chain compatibility of hooks,Automated hook deployment,B,No
266,Advanced,"In modular blockchain architectures like Celestia, what is the primary advantage of separating data availability from execution?",Reduced transaction costs through parallel processing,Enhanced security through cryptographic proofs,Specialized optimization of each layer and improved scalability,Simplified smart contract development,C,No
267,Advanced,Which of the following represent key security considerations specific to Uniswap v4 hooks? Select all that apply.,Hook contract upgrade mechanisms and governance risks,Potential for hooks to manipulate pool state maliciously,Gas limit attacks through complex hook logic,Cross-hook interaction vulnerabilities,"A, B, C, D",Yes
268,Advanced,MEV protection mechanisms in 2024 have evolved to include which advanced techniques? Select all that apply.,Commit-reveal schemes for transaction ordering,Encrypted mempools with threshold decryption,Intent-based transaction execution,Time-weighted average price (TWAP) oracles,"A, B, C",Yes
269,Advanced,Ethereum's transition to account abstraction through EIP-4337 introduces what new transaction type?,MetaTransactions,UserOperations,DelegateTransactions,AbstractTransactions,B,No
270,Advanced,"In zero-knowledge proof systems, what distinguishes zk-SNARKs from zk-STARKs in practical blockchain applications?",zk-SNARKs require trusted setup while zk-STARKs are transparent,zk-STARKs are faster to verify than zk-SNARKs,zk-SNARKs support more complex computations,zk-STARKs require less computational resources,A,No
271,Advanced,Chain abstraction technologies aim to solve which fundamental user experience problems? Select all that apply.,Cross-chain asset management complexity,Multiple gas token requirements,Fragmented liquidity across chains,Inconsistent security models between chains,"A, B, C",Yes
272,Advanced,Sui's object-centric data model differs from Ethereum's account-based model in what fundamental way?,"Objects can be owned by addresses or other objects, enabling parallel transaction execution",Objects are immutable once created,Objects require less storage space,Objects automatically implement access control,A,No
273,Advanced,The Open Intents Framework (OIF) introduced in 2024 aims to standardize what aspect of intent-based systems?,Gas fee calculation methods,Intent expression syntax and solver infrastructure,Cross-chain bridge protocols,Smart contract deployment processes,B,No
274,Advanced,Which factors contributed to the 31.61% increase in Web3 security losses in 2024 compared to 2023? Select all that apply.,Increased sophistication of phishing attacks,Growth in total value locked across DeFi protocols,More complex cross-chain interactions,Inadequate security practices in new protocols,"A, B, C, D",Yes
275,Advanced,Aptos blockchain's Move programming language provides what specific security advantage over Solidity?,Automatic gas optimization,Resource-oriented programming model that prevents common vulnerabilities like reentrancy,Built-in formal verification tools,Dynamic type checking,B,No
276,Advanced,"In DAO governance attacks, which vulnerabilities are most commonly exploited? Select all that apply.",Flash loan governance token acquisition,Proposal execution delay exploitation,Quorum manipulation through token delegation,Time-based voting power accumulation,"A, B, C",Yes
277,Advanced,Scroll's zkEVM implementation achieved Stage 1 rollup status by meeting which specific technical requirement?,Implementing fraud proofs for dispute resolution,Achieving full EVM equivalence with zero-knowledge proof verification,Establishing a decentralized sequencer network,Implementing emergency withdrawal mechanisms,B,No
278,Advanced,Liquid staking derivatives (LSDs) introduce what specific risks to DeFi protocols? Select all that apply.,Slashing risk propagation to DeFi users,Centralization of validator control,Liquidity risk during unstaking periods,Smart contract risk in staking protocols,"A, B, C, D",Yes
279,Advanced,The concept of 'programmable money' in Web3 is best exemplified by which technological capability?,Automated market makers,"Smart contracts that can hold, transfer, and execute logic with digital assets",Cross-chain bridges,Decentralized exchanges,B,No
280,Advanced,Ethereum's upcoming Verkle trees upgrade will primarily improve what aspect of the network?,Transaction throughput,State proof size and light client efficiency,Smart contract execution speed,Gas fee predictability,B,No
281,Advanced,"In tokenomics design, what mechanism can lead to a 'death spiral' scenario? Select all that apply.",Excessive token inflation without utility growth,Lack of token burn mechanisms,Concentrated token distribution among early investors,Dependency on continuous new user acquisition for sustainability,"A, C, D",Yes
282,Advanced,Protocol upgrade mechanisms in immutable smart contracts can be implemented through which patterns? Select all that apply.,Proxy contracts with implementation switching,Diamond pattern with facet upgrades,Beacon proxy pattern,Time-locked governance upgrades,"A, B, C, D",Yes
283,Advanced,The Nakamoto coefficient measures what aspect of blockchain decentralization?,Number of nodes required to control 51% of the network,Geographic distribution of validators,Token distribution equality,Development team diversity,A,No
284,Advanced,Yield farming strategies in 2024 have evolved to include which sophisticated techniques? Select all that apply.,Delta-neutral strategies using perpetual futures,Cross-chain yield arbitrage,Automated rebalancing based on impermanent loss calculations,Leveraged yield farming through recursive borrowing,"A, B, C, D",Yes
285,Advanced,Real World Asset (RWA) tokenization faces which primary technical challenges? Select all that apply.,Oracle reliability for off-chain asset valuation,Legal framework integration with smart contracts,Asset custody and redemption mechanisms,Regulatory compliance automation,"A, B, C, D",Yes
286,Advanced,Ethereum's EIP-1559 fee mechanism can be gamed through which attack vector?,Base fee manipulation through coordinated transaction spam,Priority fee front-running,MEV extraction through transaction reordering,Gas limit manipulation,A,No
287,Advanced,Layer 2 sequencer centralization poses which specific risks to users? Select all that apply.,Transaction censorship capabilities,MEV extraction without user compensation,Forced transaction ordering for profit,Delayed withdrawal processing,"A, B, C, D",Yes
288,Advanced,Restaking protocols like EigenLayer introduce what novel risk category to Ethereum validators?,Increased slashing conditions from multiple protocols,Higher hardware requirements,Reduced staking rewards,Longer unstaking periods,A,No
289,Advanced,Cross-chain communication protocols must address which fundamental challenges? Select all that apply.,Consensus finality differences between chains,State synchronization across heterogeneous systems,Economic security alignment,Message ordering and replay protection,"A, B, C, D",Yes
290,Advanced,The concept of 'credible neutrality' in blockchain protocols requires what fundamental property?,Equal treatment of all participants without favoritism or discrimination,Transparent governance processes,Decentralized validator networks,Open-source code availability,A,No
291,Advanced,"In ERC-4337 account abstraction, which component is responsible for aggregating multiple UserOperations into a single transaction to optimize gas costs?",Paymaster contract,Bundler service,EntryPoint contract,Smart Account factory,B,No
292,Advanced,What is the primary technical difference between EIP-7702 and the deprecated EIP-3074 for enabling EOA account abstraction?,EIP-7702 uses new opcodes while EIP-3074 uses transaction types,EIP-7702 uses a new transaction type while EIP-3074 would have introduced new opcodes,EIP-7702 requires hard fork while EIP-3074 does not,EIP-7702 is backwards compatible while EIP-3074 is not,B,No
293,Advanced,"In ERC-7579 modular smart accounts, which security consideration is most critical when implementing module validation?",Gas optimization for module calls,Module signature verification and access control,Cross-module communication protocols,Module upgrade mechanisms,B,No
294,Advanced,Select all components that are essential for implementing a secure Keystore system for cross-chain key management:,L1 state root verification mechanism,Threshold signature schemes,Cross-chain message passing protocols,Centralized key escrow services,"A, B, C",Yes
295,Advanced,Which vulnerability is unique to smart accounts compared to traditional EOAs in the context of account abstraction?,Private key compromise,Signature replay attacks,Validation logic manipulation,Nonce management issues,C,No
296,Advanced,"In zk-SNARKs implementation, what is the primary purpose of the 'toxic waste' generated during the trusted setup ceremony?",To create the proving key for circuit compilation,To generate random parameters that must be destroyed to ensure security,To establish the verification key for proof validation,To initialize the constraint system for the circuit,B,No
297,Advanced,Which technical limitation prevents zk-STARKs from being widely adopted despite their transparency advantage over zk-SNARKs?,Requirement for trusted setup,Limited programmability,Larger proof sizes and higher verification costs,Incompatibility with existing blockchain infrastructure,C,No
298,Advanced,"In ZK-Rollup architecture, which component is responsible for ensuring data availability while maintaining privacy?",State transition function,Commitment scheme with data availability proofs,Fraud proof mechanism,Sequencer ordering algorithm,B,No
299,Advanced,Select all scenarios where zero-knowledge proofs provide significant advantages in DeFi applications:,Private voting in DAO governance,Confidential trading strategies in AMMs,Anonymous credit scoring for lending,Public audit trails for compliance,"A, B, C",Yes
300,Advanced,What is the most significant security risk when implementing recursive zero-knowledge proofs?,Exponential proof generation time,Circular dependency in proof verification,Increased trusted setup requirements,Proof malleability attacks,B,No
301,Advanced,"In ERC-7683 cross-chain intents standard, what mechanism ensures that solvers fulfill user intents without requiring upfront trust?",Multi-signature escrow contracts,Optimistic verification with fraud proofs,Cryptographic commitment schemes,Reputation-based staking systems,B,No
302,Advanced,Which attack vector is most commonly exploited in cross-chain bridge protocols according to 2024 security reports?,Validator key compromise,Smart contract logic errors in message verification,Consensus mechanism manipulation,Oracle price feed manipulation,B,No
303,Advanced,Select all components that are essential for implementing secure intent-based transaction architecture:,Solver competition mechanisms,Intent expression language,Execution verification protocols,Centralized intent routing,"A, B, C",Yes
304,Advanced,"In chain abstraction implementations, what is the primary challenge that resource locking mechanisms aim to solve?",Cross-chain message latency,Liquidity fragmentation across chains,Consensus mechanism differences,Gas fee optimization,B,No
305,Advanced,Which technical innovation in 2024 most significantly improved cross-chain MEV protection?,Encrypted mempools with threshold decryption,Commit-reveal schemes for cross-chain orders,Multi-chain atomic swaps,Decentralized sequencer networks,A,No
306,Advanced,"In proxy pattern implementations, which storage collision attack is most difficult to detect during contract upgrades?",Direct storage slot overwriting,Inheritance chain storage layout changes,Dynamic array length manipulation,Mapping key collision attacks,B,No
307,Advanced,What is the primary security advantage of the Diamond Pattern (EIP-2535) over traditional proxy patterns?,Reduced gas costs for upgrades,Elimination of storage collision risks,Granular function-level upgrade control,Automatic access control management,C,No
308,Advanced,Select all formal verification techniques that are most effective for proving smart contract correctness:,Symbolic execution with constraint solving,Model checking with temporal logic,Theorem proving with interactive provers,Fuzzing with random input generation,"A, B, C",Yes
309,Advanced,"In upgradeable contract governance, which mechanism provides the strongest protection against malicious upgrades?",Multi-signature wallet control,Time-locked upgrade proposals with community veto,On-chain voting with token-weighted decisions,Immutable core logic with peripheral upgradeability,B,No
310,Advanced,What is the most sophisticated storage gap pattern technique for future-proofing upgradeable contracts?,Fixed-size storage gaps at contract end,Dynamic storage gaps based on usage patterns,Hierarchical storage gaps with inheritance awareness,Versioned storage layouts with migration functions,C,No
311,Advanced,"According to 2024 DeFi security reports, which flash loan attack vector has become most prevalent?",Price oracle manipulation through large trades,Governance token voting power concentration,Liquidity pool imbalance exploitation,Cross-protocol arbitrage with borrowed funds,A,No
312,Advanced,Select all MEV protection mechanisms that are effective against sandwich attacks:,Commit-reveal transaction schemes,Private mempool submission,Batch auction mechanisms,Dynamic slippage adjustment,"A, B, C",Yes
313,Advanced,"In automated market maker (AMM) protocols, which invariant manipulation technique is most commonly used in sophisticated attacks?",Constant product formula exploitation,Liquidity provider token inflation,Fee calculation manipulation,Reserve ratio distortion through flash loans,D,No
314,Advanced,What is the primary security challenge in implementing decentralized oracle networks for DeFi protocols?,Data source reliability verification,Consensus mechanism for price aggregation,Economic incentive alignment for honest reporting,Latency optimization for real-time feeds,C,No
315,Advanced,Which DeFi composability risk has emerged as most critical in 2024's complex protocol interactions?,Cascading liquidation events,Cross-protocol reentrancy attacks,Shared liquidity pool manipulation,Governance token correlation risks,B,No
316,Advanced,"In Optimistic Rollups, what is the primary mechanism that distinguishes them from ZK-Rollups in terms of dispute resolution?",Interactive fraud proofs with challenge periods,Zero-knowledge proof verification,Consensus-based validation,Immediate finality guarantees,A,No
317,Advanced,What was the most significant impact of Ethereum's Dencun upgrade on Layer 2 scaling solutions in 2024?,Introduction of native account abstraction,Blob transactions reducing L2 data availability costs,Enhanced cross-chain communication protocols,Improved consensus mechanism efficiency,B,No
318,Advanced,Select all components that are essential for implementing secure blob transaction mechanisms in Ethereum:,KZG polynomial commitments for data integrity,Separate fee market for blob space,Automatic blob pruning after retention period,Centralized blob storage validation,"A, B, C",Yes
319,Advanced,Which technical challenge is most critical for achieving seamless L2 interoperability?,Standardized state root verification,Unified gas fee mechanisms,Cross-rollup message passing protocols,Shared sequencer coordination,C,No
320,Advanced,"In state channel implementations, what is the most sophisticated mechanism for handling dispute resolution?",Multi-round interactive proofs,Cryptographic commitment schemes,Economic bonding mechanisms,Watchtower monitoring services,A,No
321,Advanced,"According to 2024 research, which governance attack vector has become most sophisticated in DAO protocols?",Flash loan governance token accumulation,Proposal timing manipulation,Delegate vote buying schemes,Cross-protocol governance arbitrage,A,No
322,Advanced,Select all advanced techniques used in 2024 for MEV extraction optimization:,Multi-block MEV strategies,Cross-domain arbitrage coordination,Predictive transaction ordering,Centralized MEV redistribution,"A, B, C",Yes
323,Advanced,What is the most critical security consideration when implementing cross-chain atomic swaps?,Hash time-locked contract vulnerabilities,Cross-chain timing attack vectors,Liquidity provider incentive alignment,Oracle price feed manipulation,B,No
324,Advanced,"In advanced DeFi yield farming strategies, which risk factor has emerged as most critical in 2024?",Impermanent loss in volatile markets,Smart contract upgrade risks,Liquidity mining token inflation,Cross-protocol dependency cascades,D,No
325,Advanced,Which mechanism provides the strongest protection against sandwich attacks in AMM protocols?,Dynamic slippage adjustment,Batch auction with uniform clearing price,Private mempool submission,Time-weighted average pricing,B,No
326,Advanced,"In ERC-1155 multi-token standards, which security vulnerability is most commonly exploited?",Batch transfer reentrancy,Token ID collision attacks,Approval front-running,Metadata manipulation,A,No
327,Advanced,Select all components essential for implementing secure decentralized identity (DID) systems:,Verifiable credential schemas,Decentralized identifier resolution,Zero-knowledge proof verification,Centralized identity validation,"A, B, C",Yes
328,Advanced,What is the most sophisticated attack vector against decentralized autonomous organizations (DAOs) in 2024?,Governance token price manipulation,Proposal execution delay exploitation,Multi-signature wallet compromise,Cross-DAO governance coordination attacks,D,No
329,Advanced,"In advanced smart contract security auditing, which technique provides the highest confidence in code correctness?",Automated static analysis tools,Formal verification with mathematical proofs,Comprehensive fuzzing campaigns,Manual code review by experts,B,No
330,Advanced,Which privacy-preserving technique is most effective for confidential smart contract execution?,Homomorphic encryption,Secure multi-party computation,Trusted execution environments,Zero-knowledge virtual machines,D,No
331,Advanced,Select all factors that contribute to the complexity of implementing chain abstraction:,Cross-chain state synchronization,Unified user experience design,Multi-chain gas fee optimization,Centralized chain coordination,"A, B, C",Yes
332,Advanced,"In advanced oracle design, what mechanism provides the strongest resistance to manipulation attacks?",Time-weighted average pricing,Multi-source data aggregation,Cryptoeconomic security guarantees,Commit-reveal price submission,C,No
333,Advanced,Which technical innovation in 2024 most significantly improved smart contract gas efficiency?,EIP-1559 fee mechanism optimization,Advanced compiler optimizations,Blob transaction data availability,Account abstraction gas sponsorship,C,No
334,Advanced,"In sophisticated DeFi protocols, which mechanism provides the most effective protection against economic attacks?",Dynamic parameter adjustment,Multi-layered security architecture,Real-time risk monitoring systems,Cryptoeconomic incentive alignment,D,No
335,Advanced,Select all advanced features that distinguish ERC-7579 modular smart accounts from traditional account abstraction:,Plugin-based architecture with standardized interfaces,Cross-account module sharing capabilities,Hierarchical permission management,Centralized module validation,"A, B, C",Yes
336,Advanced,What is the most critical challenge in implementing secure cross-chain governance systems?,Message verification across different consensus mechanisms,Synchronized voting periods,Cross-chain token representation,Unified proposal execution,A,No
337,Advanced,"In advanced MEV protection implementations, which technique provides the strongest privacy guarantees?",Threshold encryption with distributed key generation,Commit-reveal schemes with time delays,Private mempool with trusted execution,Batch auction with sealed bids,A,No
338,Advanced,Which vulnerability class has emerged as most critical in complex DeFi protocol interactions during 2024?,Cross-protocol reentrancy attacks,Oracle manipulation cascades,Governance token correlation risks,Liquidity fragmentation exploits,A,No
339,Advanced,Select all components essential for implementing secure intent-based cross-chain transactions:,Cryptographic commitment schemes for intent verification,Multi-chain solver competition mechanisms,Cross-chain state proof validation,Centralized intent routing optimization,"A, B, C",Yes
340,Advanced,What represents the most significant paradigm shift in Web3 smart contract development according to 2024 trends?,Transition from monolithic to modular architectures,Integration of AI-driven contract optimization,Adoption of intent-based user interaction models,Implementation of quantum-resistant cryptography,C,No
